{"theta1": -0.8557270457334265, "theta0": 2.35274762635148e-16, "cost": 0}